Ordinal,Description
"1","1000 = No Event"
"2","1001 = FIRE ALARM"
"3","1002 = FIRE SUPERVISORY ALARM"
"4","1003 = BURGLAR ALARM, ANY AREA"
"5","1004 = MEDICAL ALARM, ANY AREA"
"6","1005 = POLICE ALARM, ANY AREA"
"7","1006 = AUX1 24 HR, ANY AREA"
"8","1007 = AUX2 24 HR, ANY AREA"
"9","1008 = CARBON MONOXIDE ALARM, ANY AREA"
"10","1009 = EMERGENCY ALARM, ANY AREA"
"11","1010 = FREEZE ALARM, ANY AREA"
"12","1011 = GAS ALARM, ANY AREA"
"13","1012 = HEAT ALARM, ANY AREA"
"14","1013 = WATER ALARM, ANY AREA"
"15","1014 = ALARM, ANY AREA"
"16","1015 = BURGLAR ALARM IN AREA 1"
"17","1016 = BURGLAR ALARM IN AREA 2"
"18","1017 = BURGLAR ALARM IN AREA 3"
"19","1018 = BURGLAR ALARM IN AREA 4"
"20","1019 = BURGLAR ALARM IN AREA 5"
"21","1020 = BURGLAR ALARM IN AREA 6"
"22","1021 = BURGLAR ALARM IN AREA 7"
"23","1022 = BURGLAR ALARM IN AREA 8"
"24","1023 = MEDICAL ALARM IN AREA 1"
"25","1024 = MEDICAL ALARM IN AREA 2"
"26","1025 = MEDICAL ALARM IN AREA 3"
"27","1026 = MEDICAL ALARM IN AREA 4"
"28","1027 = MEDICAL ALARM IN AREA 5"
"29","1028 = MEDICAL ALARM IN AREA 6"
"30","1029 = MEDICAL ALARM IN AREA 7"
"31","1030 = MEDICAL ALARM IN AREA 8"
"32","1031 = POLICE ALARM IN AREA 1"
"33","1032 = POLICE ALARM IN AREA 2"
"34","1033 = POLICE ALARM IN AREA 3"
"35","1034 = POLICE ALARM IN AREA 4"
"36","1035 = POLICE ALARM IN AREA 5"
"37","1036 = POLICE ALARM IN AREA 6"
"38","1037 = POLICE ALARM IN AREA 7"
"39","1038 = POLICE ALARM IN AREA 8"
"40","1039 = AUX1 24 HR IN AREA 1"
"41","1040 = AUX1 24 HR IN AREA 2"
"42","1041 = AUX1 24 HR IN AREA 3"
"43","1042 = AUX1 24 HR IN AREA 4"
"44","1043 = AUX1 24 HR IN AREA 5"
"45","1044 = AUX1 24 HR IN AREA 6"
"46","1045 = AUX1 24 HR IN AREA 7"
"47","1046 = AUX1 24 HR IN AREA 8"
"48","1047 = AUX2 24 HR IN AREA 1"
"49","1048 = AUX2 24 HR IN AREA 2"
"50","1049 = AUX2 24 HR IN AREA 3"
"51","1050 = AUX2 24 HR IN AREA 4"
"52","1051 = AUX2 24 HR IN AREA 5"
"53","1052 = AUX2 24 HR IN AREA 6"
"54","1053 = AUX2 24 HR IN AREA 7"
"55","1054 = AUX2 24 HR IN AREA 8"
"56","1055 = CO ALARM IN AREA 1"
"57","1056 = CO ALARM IN AREA 2"
"58","1057 = CO ALARM IN AREA 3"
"59","1058 = CO ALARM IN AREA 4"
"60","1059 = CO ALARM IN AREA 5"
"61","1060 = CO ALARM IN AREA 6"
"62","1061 = CO ALARM IN AREA 7"
"63","1062 = CO ALARM IN AREA 8"
"64","1063 = EMERGENCY ALARM IN AREA 1"
"65","1064 = EMERGENCY ALARM IN AREA 2"
"66","1065 = EMERGENCY ALARM IN AREA 3"
"67","1066 = EMERGENCY ALARM IN AREA 4"
"68","1067 = EMERGENCY ALARM IN AREA 5"
"69","1068 = EMERGENCY ALARM IN AREA 6"
"70","1069 = EMERGENCY ALARM IN AREA 7"
"71","1070 = EMERGENCY ALARM IN AREA 8"
"72","1071 = FREEZE ALARM IN AREA 1"
"73","1072 = FREEZE ALARM IN AREA 2"
"74","1073 = FREEZE ALARM IN AREA 3"
"75","1074 = FREEZE ALARM IN AREA 4"
"76","1075 = FREEZE ALARM IN AREA 5"
"77","1076 = FREEZE ALARM IN AREA 6"
"78","1077 = FREEZE ALARM IN AREA 7"
"79","1078 = FREEZE ALARM IN AREA 8"
"80","1079 = GAS ALARM IN AREA 1"
"81","1080 = GAS ALARM IN AREA 2"
"82","1081 = GAS ALARM IN AREA 3"
"83","1082 = GAS ALARM IN AREA 4"
"84","1083 = GAS ALARM IN AREA 5"
"85","1084 = GAS ALARM IN AREA 6"
"86","1085 = GAS ALARM IN AREA 7"
"87","1086 = GAS ALARM IN AREA 8"
"88","1087 = HEAT ALARM IN AREA 1"
"89","1088 = HEAT ALARM IN AREA 2"
"90","1089 = HEAT ALARM IN AREA 3"
"91","1090 = HEAT ALARM IN AREA 4"
"92","1091 = HEAT ALARM IN AREA 5"
"93","1092 = HEAT ALARM IN AREA 6"
"94","1093 = HEAT ALARM IN AREA 7"
"95","1094 = HEAT ALARM IN AREA 8"
"96","1095 = WATER ALARM IN AREA 1"
"97","1096 = WATER ALARM IN AREA 2"
"98","1097 = WATER ALARM IN AREA 3"
"99","1098 = WATER ALARM IN AREA 4"
"100","1099 = WATER ALARM IN AREA 5"
"101","1100 = WATER ALARM IN AREA 6"
"102","1101 = WATER ALARM IN AREA 7"
"103","1102 = WATER ALARM IN AREA 8"
"104","1103 = ANY ALARM IN AREA 1"
"105","1104 = ANY ALARM IN AREA 2"
"106","1105 = ANY ALARM IN AREA 3"
"107","1106 = ANY ALARM IN AREA 4"
"108","1107 = ANY ALARM IN AREA 5"
"109","1108 = ANY ALARM IN AREA 6"
"110","1109 = ANY ALARM IN AREA 7"
"111","1110 = ANY ALARM IN AREA 8"
"112","1111 = CODE LOCKOUT, ANY KEYPAD"
"113","1112 = KEYPAD 01 CODE-LOCKOUT"
"114","1113 = KEYPAD 02 CODE-LOCKOUT"
"115","1114 = KEYPAD 03 CODE-LOCKOUT"
"116","1115 = KEYPAD 04 CODE-LOCKOUT"
"117","1116 = KEYPAD 05 CODE-LOCKOUT"
"118","1117 = KEYPAD 06 CODE-LOCKOUT"
"119","1118 = KEYPAD 07 CODE-LOCKOUT"
"120","1119 = KEYPAD 08 CODE-LOCKOUT"
"121","1120 = KEYPAD 09 CODE-LOCKOUT"
"122","1121 = KEYPAD 10 CODE-LOCKOUT"
"123","1122 = KEYPAD 11 CODE-LOCKOUT"
"124","1123 = KEYPAD 12 CODE-LOCKOUT"
"125","1124 = KEYPAD 13 CODE-LOCKOUT"
"126","1125 = KEYPAD 14 CODE-LOCKOUT"
"127","1126 = KEYPAD 15 CODE-LOCKOUT"
"128","1127 = KEYPAD 16 CODE-LOCKOUT"
"129","1128 = FIRE TROUBLE, ANY ZONE"
"130","1129 = BURGLAR TROUBLE, ANY ZONE"
"131","1130 = FAIL TO COMMUNICATE TROUBLE"
"132","1131 = RF SENSOR LOW BATTERY TROUBLE"
"133","1132 = RF JAMMING TROUBLE"
"134","1133 = LOST KEYPAD TROUBLE"
"135","1134 = LOST INPUT EXPANDER TROUBLE"
"136","1135 = LOST OUTPUT EXPANDER TROUBLE"
"137","1136 = EEPROM MEMORY ERROR TROUBLE"
"138","1137 = RESTORE  ZONE TROUBLE"
"139","1138 = AC FAILURE TROUBLE"
"140","1139 = CONTROL LOW BATTERY TROUBLE"
"141","1140 = CONTROL OVER CURRENT TROUBLE"
"142","1141 = EXPANSION MODULE TROUBLE"
"143","1142 = OUTPUT 2 SUPERVISORY TROUBLE"
"144","1143 = TELEPHONE LINE FAULT TROUBLE"
"145","1144 = RESTORE FIRE ZONE"
"146","1145 = RESTORE FIRE SUPERVISORY ZONE"
"147","1146 = RESTORE BURGLAR ZONE"
"148","1147 = RESTORE MEDICAL ZONE"
"149","1148 = RESTORE POLICE ZONE"
"150","1149 = RESTORE AUX1 24 HR ZONE"
"151","1150 = RESTORE AUX2 24 HR ZONE"
"152","1151 = RESTORE CO ZONE"
"153","1152 = RESTORE EMERGENCY ZONE"
"154","1153 = RESTORE FREEZE ZONE"
"155","1154 = RESTORE GAS ZONE"
"156","1155 = RESTORE HEAT ZONE"
"157","1156 = RESTORE WATER ZONE"
"158","1157 = COMMUNICATION FAIL RESTORE"
"159","1158 = AC FAIL RESTORE"
"160","1159 = LOW BATTERY RESTORE"
"161","1160 = CONTROL OVER CURRENT RESTORE"
"162","1161 = EXPANSION MODULE RESTORE"
"163","1162 = OUTPUT2 RESTORE"
"164","1163 = TELEPHONE LINE RESTORE"
"165","1164 = ALARM MEMORY, ANY AREA"
"166","1165 = ALARM MEMORY, AREA 1"
"167","1166 = ALARM MEMORY, AREA 2"
"168","1167 = ALARM MEMORY, AREA 3"
"169","1168 = ALARM MEMORY, AREA 4"
"170","1169 = ALARM MEMORY, AREA 5"
"171","1170 = ALARM MEMORY, AREA 6"
"172","1171 = ALARM MEMORY, AREA 7"
"173","1172 = ALARM MEMORY, AREA 8"
"174","1173 = AREA ARMED"
"175","1174 = AREA DISARMED"
"176","1175 = AREA 1 ARM STATE"
"177","1176 = AREA 2 ARM STATE"
"178","1177 = AREA 3 ARM STATE"
"179","1178 = AREA 4 ARM STATE"
"180","1179 = AREA 5 ARM STATE"
"181","1180 = AREA 6 ARM STATE"
"182","1181 = AREA 7 ARM STATE"
"183","1182 = AREA 8 ARM STATE"
"184","1183 = AREA 1 IS ARMED AWAY"
"185","1184 = AREA 2 IS ARMED AWAY"
"186","1185 = AREA 3 IS ARMED AWAY"
"187","1186 = AREA 4 IS ARMED AWAY"
"188","1187 = AREA 5 IS ARMED AWAY"
"189","1188 = AREA 6 IS ARMED AWAY"
"190","1189 = AREA 7 IS ARMED AWAY"
"191","1190 = AREA 8 IS ARMED AWAY"
"192","1191 = AREA 1 IS ARMED STAY"
"193","1192 = AREA 2 IS ARMED STAY"
"194","1193 = AREA 3 IS ARMED STAY"
"195","1194 = AREA 4 IS ARMED STAY"
"196","1195 = AREA 5 IS ARMED STAY"
"197","1196 = AREA 6 IS ARMED STAY"
"198","1197 = AREA 7 IS ARMED STAY"
"199","1198 = AREA 8 IS ARMED STAY"
"200","1199 = AREA 1 IS ARMED STAY INSTANT"
"201","1200 = AREA 2 IS ARMED STAY INSTANT"
"202","1201 = AREA 3 IS ARMED STAY INSTANT"
"203","1202 = AREA 4 IS ARMED STAY INSTANT"
"204","1203 = AREA 5 IS ARMED STAY INSTANT"
"205","1204 = AREA 6 IS ARMED STAY INSTANT"
"206","1205 = AREA 7 IS ARMED STAY INSTANT"
"207","1206 = AREA 8 IS ARMED STAY INSTANT"
"208","1207 = AREA 1 IS ARMED NIGHT"
"209","1208 = AREA 2 IS ARMED NIGHT"
"210","1209 = AREA 3 IS ARMED NIGHT"
"211","1210 = AREA 4 IS ARMED NIGHT"
"212","1211 = AREA 5 IS ARMED NIGHT"
"213","1212 = AREA 6 IS ARMED NIGHT"
"214","1213 = AREA 7 IS ARMED NIGHT"
"215","1214 = AREA 8 IS ARMED NIGHT"
"216","1215 = AREA 1 IS ARMED NIGHT INSTANT"
"217","1216 = AREA 2 IS ARMED NIGHT INSTANT"
"218","1217 = AREA 3 IS ARMED NIGHT INSTANT"
"219","1218 = AREA 4 IS ARMED NIGHT INSTANT"
"220","1219 = AREA 5 IS ARMED NIGHT INSTANT"
"221","1220 = AREA 6 IS ARMED NIGHT INSTANT"
"222","1221 = AREA 7 IS ARMED NIGHT INSTANT"
"223","1222 = AREA 8 IS ARMED NIGHT INSTANT"
"224","1223 = AREA 1 IS ARMED VACATION"
"225","1224 = AREA 2 IS ARMED VACATION"
"226","1225 = AREA 3 IS ARMED VACATION"
"227","1226 = AREA 4 IS ARMED VACATION"
"228","1227 = AREA 5 IS ARMED VACATION"
"229","1228 = AREA 6 IS ARMED VACATION"
"230","1229 = AREA 7 IS ARMED VACATION"
"231","1230 = AREA 8 IS ARMED VACATION"
"232","1231 = AREA 1 IS FORCE ARMED"
"233","1232 = AREA 2 IS FORCE ARMED"
"234","1233 = AREA 3 IS FORCE ARMED"
"235","1234 = AREA 4 IS FORCE ARMED"
"236","1235 = AREA 5 IS FORCE ARMED"
"237","1236 = AREA 6 IS FORCE ARMED"
"238","1237 = AREA 7 IS FORCE ARMED"
"239","1238 = AREA 8 IS FORCE ARMED"
"240","1239 = ZONE BYPASSED"
"241","1240 = ZONE UNBYPASSED"
"242","1241 = ANY BURGLAR ZONE IS FAULTED"
"243","1242 = BURGLAR STATUS OF ALL AREAS"
"244","1243 = AREA 1 BURGLAR STATUS"
"245","1244 = AREA 2 BURGLAR STATUS"
"246","1245 = AREA 3 BURGLAR STATUS"
"247","1246 = AREA 4 BURGLAR STATUS"
"248","1247 = AREA 5 BURGLAR STATUS"
"249","1248 = AREA 6 BURGLAR STATUS"
"250","1249 = AREA 7 BURGLAR STATUS"
"251","1250 = AREA 8 BURGLAR STATUS"
"252","1251 = AREA 1 CHIME MODE"
"253","1252 = AREA 2 CHIME MODE"
"254","1253 = AREA 3 CHIME MODE"
"255","1254 = AREA 4 CHIME MODE"
"256","1255 = AREA 5 CHIME MODE"
"257","1256 = AREA 6 CHIME MODE"
"258","1257 = AREA 7 CHIME MODE"
"259","1258 = AREA 8 CHIME MODE"
"260","1259 = AREA 1 CHIME ALERT"
"261","1260 = AREA 2 CHIME ALERT"
"262","1261 = AREA 3 CHIME ALERT"
"263","1262 = AREA 4 CHIME ALERT"
"264","1263 = AREA 5 CHIME ALERT"
"265","1264 = AREA 6 CHIME ALERT"
"266","1265 = AREA 7 CHIME ALERT"
"267","1266 = AREA 8 CHIME ALERT"
"268","1267 = ENTRY DELAY, ANY AREA"
"269","1268 = AREA 1 ENTRY DELAY"
"270","1269 = AREA 2 ENTRY DELAY"
"271","1270 = AREA 3 ENTRY DELAY"
"272","1271 = AREA 4 ENTRY DELAY"
"273","1272 = AREA 5 ENTRY DELAY"
"274","1273 = AREA 6 ENTRY DELAY"
"275","1274 = AREA 7 ENTRY DELAY"
"276","1275 = AREA 8 ENTRY DELAY"
"277","1276 = EXIT DELAY, ANY AREA"
"278","1277 = AREA 1 EXIT DELAY"
"279","1278 = AREA 2 EXIT DELAY"
"280","1279 = AREA 3 EXIT DELAY"
"281","1280 = AREA 4 EXIT DELAY"
"282","1281 = AREA 5 EXIT DELAY"
"283","1282 = AREA 6 EXIT DELAY"
"284","1283 = AREA 7 EXIT DELAY"
"285","1284 = AREA 8 EXIT DELAY"
"286","1285 = AREA 1 EXIT DELAY ENDS"
"287","1286 = AREA 2 EXIT DELAY ENDS"
"288","1287 = AREA 3 EXIT DELAY ENDS"
"289","1288 = AREA 4 EXIT DELAY ENDS"
"290","1289 = AREA 5 EXIT DELAY ENDS"
"291","1290 = AREA 6 EXIT DELAY ENDS"
"292","1291 = AREA 7 EXIT DELAY ENDS"
"293","1292 = AREA 8 EXIT DELAY ENDS"
"294","1293 = AUTOMATIC CLOSING"
"295","1294 = EARLY CLOSING"
"296","1295 = CLOSING TIME EXTENDED"
"297","1296 = FAIL TO CLOSE"
"298","1297 = LATE TO CLOSE"
"299","1298 = KEYSWITCH CLOSING"
"300","1299 = DURESS"
"301","1300 = EXCEPTION OPENING"
"302","1301 = EARLY OPENING"
"303","1302 = FAIL TO OPEN"
"304","1303 = LATE TO OPEN"
"305","1304 = KEYSWITCH OPENING"
"306","1305 = AREA 1 CLOSING RING BACK"
"307","1306 = AREA 2 CLOSING RING BACK"
"308","1307 = AREA 3 CLOSING RING BACK"
"309","1308 = AREA 4 CLOSING RING BACK"
"310","1309 = AREA 5 CLOSING RING BACK"
"311","1310 = AREA 6 CLOSING RING BACK"
"312","1311 = AREA 7 CLOSING RING BACK"
"313","1312 = AREA 8 CLOSING RING BACK"
"314","1313 = ACCESS KEYPAD 01"
"315","1314 = ACCESS KEYPAD 02"
"316","1315 = ACCESS KEYPAD 03"
"317","1316 = ACCESS KEYPAD 04"
"318","1317 = ACCESS KEYPAD 05"
"319","1318 = ACCESS KEYPAD 06"
"320","1319 = ACCESS KEYPAD 07"
"321","1320 = ACCESS KEYPAD 08"
"322","1321 = ACCESS KEYPAD 09"
"323","1322 = ACCESS KEYPAD 10"
"324","1323 = ACCESS KEYPAD 11"
"325","1324 = ACCESS KEYPAD 12"
"326","1325 = ACCESS KEYPAD 13"
"327","1326 = ACCESS KEYPAD 14"
"328","1327 = ACCESS KEYPAD 15"
"329","1328 = ACCESS KEYPAD 16"
"330","1329 = ACCESS ANY KEYPAD"
"331","1330 = BEEP AREA 1 KEYPAD(S)"
"332","1331 = BEEP AREA 2 KEYPAD(S)"
"333","1332 = BEEP AREA 3 KEYPAD(S)"
"334","1333 = BEEP AREA 4 KEYPAD(S)"
"335","1334 = BEEP AREA 5 KEYPAD(S)"
"336","1335 = BEEP AREA 6 KEYPAD(S)"
"337","1336 = BEEP AREA 7 KEYPAD(S)"
"338","1337 = BEEP AREA 8 KEYPAD(S)"
"339","1338 = AREA 1 EXIT ERROR"
"340","1339 = AREA 2 EXIT ERROR"
"341","1340 = AREA 3 EXIT ERROR"
"342","1341 = AREA 4 EXIT ERROR"
"343","1342 = AREA 5 EXIT ERROR"
"344","1343 = AREA 6 EXIT ERROR"
"345","1344 = AREA 7 EXIT ERROR"
"346","1345 = AREA 8 EXIT ERROR"
"347","1346 = AUDIO AMPLIFIER STATUS"
"348","1347 = CONTROL POWER STATUS"
"349","1348 = LIGHT"
"350","1349 = DARK"
"351","1350 = SECURITY (DAY) ALERT"
"352","1351 = DIALER ABORT"
"353","1352 = DIALER CANCEL"
"354","1353 = DIALER AUTO TEST"
"355","1354 = LOCAL PROGRAMMING"
"356","1355 = LOCAL PROGRAMMING ENDS"
"357","1356 = KEYSWITCH ZN TAMPER ALERT"
"358","1357 = EVENT LOG, 80% FULL"
"359","1358 = TELEPHONE LINE IS RINGING"
"360","1359 = TELEPHONE LINE SEIZE"
"361","1360 = TELEPHONE LINE OFF/ON HOOK"
"362","1361 = TELEPHONE LOCAL ACCESS"
"363","1362 = TELEPHONE REMOTE ACCESS"
"364","1363 = REMOTE PROGRAMMING"
"365","1364 = REMOTE PROGRAMMING ENDS"
"366","1365 = AC FAIL TBL - POWER SUPV ZN"
"367","1366 = LOW BATTERY TBL - POWER SUPV ZN"
"368","1367 = SYSTEM START UP"
"369","1368 = CONTROL LOW VOLTAGE SHUTDOWN POINT"
"370","1369 = RF KEYFOB BUTTON 1"
"371","1370 = RF KEYFOB BUTTON 2"
"372","1371 = RF KEYFOB BUTTON 3"
"373","1372 = RF KEYFOB BUTTON 4"
"374","1373 = RF KEYFOB BUTTON 5"
"375","1374 = RF KEYFOB BUTTON 6"
"376","1375 = RF KEYFOB BUTTON 7"
"377","1376 = RF KEYFOB BUTTON 8"
"378","1377 = LOST SERIAL PORT EXPANDER TROUBLE"
"379","1378 = RULE TRIGGERED VOICE TELEPHONE DIAL"
"380","1379 = DIALER REPORT CLEARED"
"381","1380 = CENTRAL STATION KISSOFF"
"382","1381 = TRANSMITTER SUPERVISION LOSS"
"383","1382 = 2-WIRE SMOKE DET. CLEAN TRBL"
"384","1383 = ETHERNET TROUBLE"
"385","1384 = ETHERNET RESTORE"
"386","1385 = REMOTE AC RESTORE"
"387","1386 = REMOTE BATTERY RESTORE"
"388","1387 = ZONE TROUBLE"
"389","2000 = NO EVENT"
"390","2001 = AUTOMATION TASK 01"
"391","2002 = AUTOMATION TASK 02"
"392","2003 = AUTOMATION TASK 03"
"393","2004 = AUTOMATION TASK 04"
"394","2005 = AUTOMATION TASK 05"
"395","2006 = AUTOMATION TASK 06"
"396","2007 = AUTOMATION TASK 07"
"397","2008 = AUTOMATION TASK 08"
"398","2009 = AUTOMATION TASK 09"
"399","2010 = AUTOMATION TASK 10"
"400","2011 = AUTOMATION TASK 11"
"401","2012 = AUTOMATION TASK 12"
"402","2013 = AUTOMATION TASK 13"
"403","2014 = AUTOMATION TASK 14"
"404","2015 = AUTOMATION TASK 15"
"405","2016 = AUTOMATION TASK 16"
"406","2017 = AUTOMATION TASK 17"
"407","2018 = AUTOMATION TASK 18"
"408","2019 = AUTOMATION TASK 19"
"409","2020 = AUTOMATION TASK 20"
"410","2021 = AUTOMATION TASK 21"
"411","2022 = AUTOMATION TASK 22"
"412","2023 = AUTOMATION TASK 23"
"413","2024 = AUTOMATION TASK 24"
"414","2025 = AUTOMATION TASK 25"
"415","2026 = AUTOMATION TASK 26"
"416","2027 = AUTOMATION TASK 27"
"417","2028 = AUTOMATION TASK 28"
"418","2029 = AUTOMATION TASK 29"
"419","2030 = AUTOMATION TASK 30"
"420","2031 = AUTOMATION TASK 31"
"421","2032 = AUTOMATION TASK 32"
"422","3001 = KEY F1 ON KEYPAD1 ACTIVATES"
"423","3002 = KEY F2 ON KEYPAD1 ACTIVATES"
"424","3003 = KEY F3 ON KEYPAD1 ACTIVATES"
"425","3004 = KEY F4 ON KEYPAD1 ACTIVATES"
"426","3005 = KEY F5 ON KEYPAD1 ACTIVATES"
"427","3006 = KEY F6 ON KEYPAD1 ACTIVATES"
"428","3007 = KEY F1 ON KEYPAD2 ACTIVATES"
"429","3008 = KEY F2 ON KEYPAD2 ACTIVATES"
"430","3009 = KEY F3 ON KEYPAD2 ACTIVATES"
"431","3010 = KEY F4 ON KEYPAD2 ACTIVATES"
"432","3011 = KEY F5 ON KEYPAD2 ACTIVATES"
"433","3012 = KEY F6 ON KEYPAD2 ACTIVATES"
"434","3013 = KEY F1 ON KEYPAD3 ACTIVATES"
"435","3014 = KEY F2 ON KEYPAD3 ACTIVATES"
"436","3015 = KEY F3 ON KEYPAD3 ACTIVATES"
"437","3016 = KEY F4 ON KEYPAD3 ACTIVATES"
"438","3017 = KEY F5 ON KEYPAD3 ACTIVATES"
"439","3018 = KEY F6 ON KEYPAD3 ACTIVATES"
"440","3019 = KEY F1 ON KEYPAD4 ACTIVATES"
"441","3020 = KEY F2 ON KEYPAD4 ACTIVATES"
"442","3021 = KEY F3 ON KEYPAD4 ACTIVATES"
"443","3022 = KEY F4 ON KEYPAD4 ACTIVATES"
"444","3023 = KEY F5 ON KEYPAD4 ACTIVATES"
"445","3024 = KEY F6 ON KEYPAD4 ACTIVATES"
"446","3025 = KEY F1 ON KEYPAD5 ACTIVATES"
"447","3026 = KEY F2 ON KEYPAD5 ACTIVATES"
"448","3027 = KEY F3 ON KEYPAD5 ACTIVATES"
"449","3028 = KEY F4 ON KEYPAD5 ACTIVATES"
"450","3029 = KEY F5 ON KEYPAD5 ACTIVATES"
"451","3030 = KEY F6 ON KEYPAD5 ACTIVATES"
"452","3031 = KEY F1 ON KEYPAD6 ACTIVATES"
"453","3032 = KEY F2 ON KEYPAD6 ACTIVATES"
"454","3033 = KEY F3 ON KEYPAD6 ACTIVATES"
"455","3034 = KEY F4 ON KEYPAD6 ACTIVATES"
"456","3035 = KEY F5 ON KEYPAD6 ACTIVATES"
"457","3036 = KEY F6 ON KEYPAD6 ACTIVATES"
"458","3037 = KEY F1 ON KEYPAD7 ACTIVATES"
"459","3038 = KEY F2 ON KEYPAD7 ACTIVATES"
"460","3039 = KEY F3 ON KEYPAD7 ACTIVATES"
"461","3040 = KEY F4 ON KEYPAD7 ACTIVATES"
"462","3041 = KEY F5 ON KEYPAD7 ACTIVATES"
"463","3042 = KEY F6 ON KEYPAD7 ACTIVATES"
"464","3043 = KEY F1 ON KEYPAD8 ACTIVATES"
"465","3044 = KEY F2 ON KEYPAD8 ACTIVATES"
"466","3045 = KEY F3 ON KEYPAD8 ACTIVATES"
"467","3046 = KEY F4 ON KEYPAD8 ACTIVATES"
"468","3047 = KEY F5 ON KEYPAD8 ACTIVATES"
"469","3048 = KEY F6 ON KEYPAD8 ACTIVATES"
"470","3049 = KEY F1 ON KEYPAD9 ACTIVATES"
"471","3050 = KEY F2 ON KEYPAD9 ACTIVATES"
"472","3051 = KEY F3 ON KEYPAD9 ACTIVATES"
"473","3052 = KEY F4 ON KEYPAD9 ACTIVATES"
"474","3053 = KEY F5 ON KEYPAD9 ACTIVATES"
"475","3054 = KEY F6 ON KEYPAD9 ACTIVATES"
"476","3055 = KEY F1 ON KEYPAD10 ACTIVATES"
"477","3056 = KEY F2 ON KEYPAD10 ACTIVATES"
"478","3057 = KEY F3 ON KEYPAD10 ACTIVATES"
"479","3058 = KEY F4 ON KEYPAD10 ACTIVATES"
"480","3059 = KEY F5 ON KEYPAD10 ACTIVATES"
"481","3060 = KEY F6 ON KEYPAD10 ACTIVATES"
"482","3061 = KEY F1 ON KEYPAD11 ACTIVATES"
"483","3062 = KEY F2 ON KEYPAD11 ACTIVATES"
"484","3063 = KEY F3 ON KEYPAD11 ACTIVATES"
"485","3064 = KEY F4 ON KEYPAD11 ACTIVATES"
"486","3065 = KEY F5 ON KEYPAD11 ACTIVATES"
"487","3066 = KEY F6 ON KEYPAD11 ACTIVATES"
"488","3067 = KEY F1 ON KEYPAD12 ACTIVATES"
"489","3068 = KEY F2 ON KEYPAD12 ACTIVATES"
"490","3069 = KEY F3 ON KEYPAD12 ACTIVATES"
"491","3070 = KEY F4 ON KEYPAD12 ACTIVATES"
"492","3071 = KEY F5 ON KEYPAD12 ACTIVATES"
"493","3072 = KEY F6 ON KEYPAD12 ACTIVATES"
"494","3073 = KEY F1 ON KEYPAD13 ACTIVATES"
"495","3074 = KEY F2 ON KEYPAD13 ACTIVATES"
"496","3075 = KEY F3 ON KEYPAD13 ACTIVATES"
"497","3076 = KEY F4 ON KEYPAD13 ACTIVATES"
"498","3077 = KEY F5 ON KEYPAD13 ACTIVATES"
"499","3078 = KEY F6 ON KEYPAD13 ACTIVATES"
"500","3079 = KEY F1 ON KEYPAD14 ACTIVATES"
"501","3080 = KEY F2 ON KEYPAD14 ACTIVATES"
"502","3081 = KEY F3 ON KEYPAD14 ACTIVATES"
"503","3082 = KEY F4 ON KEYPAD14 ACTIVATES"
"504","3083 = KEY F5 ON KEYPAD14 ACTIVATES"
"505","3084 = KEY F6 ON KEYPAD14 ACTIVATES"
"506","3085 = KEY F1 ON KEYPAD15 ACTIVATES"
"507","3086 = KEY F2 ON KEYPAD15 ACTIVATES"
"508","3087 = KEY F3 ON KEYPAD15 ACTIVATES"
"509","3088 = KEY F4 ON KEYPAD15 ACTIVATES"
"510","3089 = KEY F5 ON KEYPAD15 ACTIVATES"
"511","3090 = KEY F6 ON KEYPAD15 ACTIVATES"
"512","3091 = KEY F1 ON KEYPAD16 ACTIVATES"
"513","3092 = KEY F2 ON KEYPAD16 ACTIVATES"
"514","3093 = KEY F3 ON KEYPAD16 ACTIVATES"
"515","3094 = KEY F4 ON KEYPAD16 ACTIVATES"
"516","3095 = KEY F5 ON KEYPAD16 ACTIVATES"
"517","3096 = KEY F6 ON KEYPAD16 ACTIVATES"
"518","3097 = F1 KEY ON ANY KEYPAD ACTIVATES"
"519","3098 = F2 KEY ON ANY KEYPAD ACTIVATES"
"520","3099 = F3 KEY ON ANY KEYPAD ACTIVATES"
"521","3100 = F4 KEY ON ANY KEYPAD ACTIVATES"
"522","3101 = F5 KEY ON ANY KEYPAD ACTIVATES"
"523","3102 = F6 KEY ON ANY KEYPAD ACTIVATES"
"524","3103 = ANY F KEY ON ANY KEYPAD ACTIVATES"
"525","4001 = ZONE 1 STATE"
"526","4002 = ZONE 2 STATE"
"527","4003 = ZONE 3 STATE"
"528","4004 = ZONE 4 STATE"
"529","4005 = ZONE 5 STATE"
"530","4006 = ZONE 6 STATE"
"531","4007 = ZONE 7 STATE"
"532","4008 = ZONE 8 STATE"
"533","4009 = ZONE 9 STATE"
"534","4010 = ZONE 10 STATE"
"535","4011 = ZONE 11 STATE"
"536","4012 = ZONE 12 STATE"
"537","4013 = ZONE 13 STATE"
"538","4014 = ZONE 14 STATE"
"539","4015 = ZONE 15 STATE"
"540","4016 = ZONE 16 STATE"
"541","4017 = ZONE 17 STATE"
"542","4018 = ZONE 18 STATE"
"543","4019 = ZONE 19 STATE"
"544","4020 = ZONE 20 STATE"
"545","4021 = ZONE 21 STATE"
"546","4022 = ZONE 22 STATE"
"547","4023 = ZONE 23 STATE"
"548","4024 = ZONE 24 STATE"
"549","4025 = ZONE 25 STATE"
"550","4026 = ZONE 26 STATE"
"551","4027 = ZONE 27 STATE"
"552","4028 = ZONE 28 STATE"
"553","4029 = ZONE 29 STATE"
"554","4030 = ZONE 30 STATE"
"555","4031 = ZONE 31 STATE"
"556","4032 = ZONE 32 STATE"
"557","4033 = ZONE 33 STATE"
"558","4034 = ZONE 34 STATE"
"559","4035 = ZONE 35 STATE"
"560","4036 = ZONE 36 STATE"
"561","4037 = ZONE 37 STATE"
"562","4038 = ZONE 38 STATE"
"563","4039 = ZONE 39 STATE"
"564","4040 = ZONE 40 STATE"
"565","4041 = ZONE 41 STATE"
"566","4042 = ZONE 42 STATE"
"567","4043 = ZONE 43 STATE"
"568","4044 = ZONE 44 STATE"
"569","4045 = ZONE 45 STATE"
"570","4046 = ZONE 46 STATE"
"571","4047 = ZONE 47 STATE"
"572","4048 = ZONE 48 STATE"
"573","4049 = ZONE 49 STATE"
"574","4050 = ZONE 50 STATE"
"575","4051 = ZONE 51 STATE"
"576","4052 = ZONE 52 STATE"
"577","4053 = ZONE 53 STATE"
"578","4054 = ZONE 54 STATE"
"579","4055 = ZONE 55 STATE"
"580","4056 = ZONE 56 STATE"
"581","4057 = ZONE 57 STATE"
"582","4058 = ZONE 58 STATE"
"583","4059 = ZONE 59 STATE"
"584","4060 = ZONE 60 STATE"
"585","4061 = ZONE 61 STATE"
"586","4062 = ZONE 62 STATE"
"587","4063 = ZONE 63 STATE"
"588","4064 = ZONE 64 STATE"
"589","4065 = ZONE 65 STATE"
"590","4066 = ZONE 66 STATE"
"591","4067 = ZONE 67 STATE"
"592","4068 = ZONE 68 STATE"
"593","4069 = ZONE 69 STATE"
"594","4070 = ZONE 70 STATE"
"595","4071 = ZONE 71 STATE"
"596","4072 = ZONE 72 STATE"
"597","4073 = ZONE 73 STATE"
"598","4074 = ZONE 74 STATE"
"599","4075 = ZONE 75 STATE"
"600","4076 = ZONE 76 STATE"
"601","4077 = ZONE 77 STATE"
"602","4078 = ZONE 78 STATE"
"603","4079 = ZONE 79 STATE"
"604","4080 = ZONE 80 STATE"
"605","4081 = ZONE 81 STATE"
"606","4082 = ZONE 82 STATE"
"607","4083 = ZONE 83 STATE"
"608","4084 = ZONE 84 STATE"
"609","4085 = ZONE 85 STATE"
"610","4086 = ZONE 86 STATE"
"611","4087 = ZONE 87 STATE"
"612","4088 = ZONE 88 STATE"
"613","4089 = ZONE 89 STATE"
"614","4090 = ZONE 90 STATE"
"615","4091 = ZONE 91 STATE"
"616","4092 = ZONE 92 STATE"
"617","4093 = ZONE 93 STATE"
"618","4094 = ZONE 94 STATE"
"619","4095 = ZONE 95 STATE"
"620","4096 = ZONE 96 STATE"
"621","4097 = ZONE 97 STATE"
"622","4098 = ZONE 98 STATE"
"623","4099 = ZONE 99 STATE"
"624","4100 = ZONE 100 STATE"
"625","4101 = ZONE 101 STATE"
"626","4102 = ZONE 102 STATE"
"627","4103 = ZONE 103 STATE"
"628","4104 = ZONE 104 STATE"
"629","4105 = ZONE 105 STATE"
"630","4106 = ZONE 106 STATE"
"631","4107 = ZONE 107 STATE"
"632","4108 = ZONE 108 STATE"
"633","4109 = ZONE 109 STATE"
"634","4110 = ZONE 110 STATE"
"635","4111 = ZONE 111 STATE"
"636","4112 = ZONE 112 STATE"
"637","4113 = ZONE 113 STATE"
"638","4114 = ZONE 114 STATE"
"639","4115 = ZONE 115 STATE"
"640","4116 = ZONE 116 STATE"
"641","4117 = ZONE 117 STATE"
"642","4118 = ZONE 118 STATE"
"643","4119 = ZONE 119 STATE"
"644","4120 = ZONE 120 STATE"
"645","4121 = ZONE 121 STATE"
"646","4122 = ZONE 122 STATE"
"647","4123 = ZONE 123 STATE"
"648","4124 = ZONE 124 STATE"
"649","4125 = ZONE 125 STATE"
"650","4126 = ZONE 126 STATE"
"651","4127 = ZONE 127 STATE"
"652","4128 = ZONE 128 STATE"
"653","4129 = ZONE 129 STATE"
"654","4130 = ZONE 130 STATE"
"655","4131 = ZONE 131 STATE"
"656","4132 = ZONE 132 STATE"
"657","4133 = ZONE 133 STATE"
"658","4134 = ZONE 134 STATE"
"659","4135 = ZONE 135 STATE"
"660","4136 = ZONE 136 STATE"
"661","4137 = ZONE 137 STATE"
"662","4138 = ZONE 138 STATE"
"663","4139 = ZONE 139 STATE"
"664","4140 = ZONE 140 STATE"
"665","4141 = ZONE 141 STATE"
"666","4142 = ZONE 142 STATE"
"667","4143 = ZONE 143 STATE"
"668","4144 = ZONE 144 STATE"
"669","4145 = ZONE 145 STATE"
"670","4146 = ZONE 146 STATE"
"671","4147 = ZONE 147 STATE"
"672","4148 = ZONE 148 STATE"
"673","4149 = ZONE 149 STATE"
"674","4150 = ZONE 150 STATE"
"675","4151 = ZONE 151 STATE"
"676","4152 = ZONE 152 STATE"
"677","4153 = ZONE 153 STATE"
"678","4154 = ZONE 154 STATE"
"679","4155 = ZONE 155 STATE"
"680","4156 = ZONE 156 STATE"
"681","4157 = ZONE 157 STATE"
"682","4158 = ZONE 158 STATE"
"683","4159 = ZONE 159 STATE"
"684","4160 = ZONE 160 STATE"
"685","4161 = ZONE 161 STATE"
"686","4162 = ZONE 162 STATE"
"687","4163 = ZONE 163 STATE"
"688","4164 = ZONE 164 STATE"
"689","4165 = ZONE 165 STATE"
"690","4166 = ZONE 166 STATE"
"691","4167 = ZONE 167 STATE"
"692","4168 = ZONE 168 STATE"
"693","4169 = ZONE 169 STATE"
"694","4170 = ZONE 170 STATE"
"695","4171 = ZONE 171 STATE"
"696","4172 = ZONE 172 STATE"
"697","4173 = ZONE 173 STATE"
"698","4174 = ZONE 174 STATE"
"699","4175 = ZONE 175 STATE"
"700","4176 = ZONE 176 STATE"
"701","4177 = ZONE 177 STATE"
"702","4178 = ZONE 178 STATE"
"703","4179 = ZONE 179 STATE"
"704","4180 = ZONE 180 STATE"
"705","4181 = ZONE 181 STATE"
"706","4182 = ZONE 182 STATE"
"707","4183 = ZONE 183 STATE"
"708","4184 = ZONE 184 STATE"
"709","4185 = ZONE 185 STATE"
"710","4186 = ZONE 186 STATE"
"711","4187 = ZONE 187 STATE"
"712","4188 = ZONE 188 STATE"
"713","4189 = ZONE 189 STATE"
"714","4190 = ZONE 190 STATE"
"715","4191 = ZONE 191 STATE"
"716","4192 = ZONE 192 STATE"
"717","4193 = ZONE 193 STATE"
"718","4194 = ZONE 194 STATE"
"719","4195 = ZONE 195 STATE"
"720","4196 = ZONE 196 STATE"
"721","4197 = ZONE 197 STATE"
"722","4198 = ZONE 198 STATE"
"723","4199 = ZONE 199 STATE"
"724","4200 = ZONE 200 STATE"
"725","4201 = ZONE 201 STATE"
"726","4202 = ZONE 202 STATE"
"727","4203 = ZONE 203 STATE"
"728","4204 = ZONE 204 STATE"
"729","4205 = ZONE 205 STATE"
"730","4206 = ZONE 206 STATE"
"731","4207 = ZONE 207 STATE"
"732","4208 = ZONE 208 STATE"
"733","5001 = ZONE 1 BYPASS STATE"
"734","5002 = ZONE 2 BYPASS STATE"
"735","5003 = ZONE 3 BYPASS STATE"
"736","5004 = ZONE 4 BYPASS STATE"
"737","5005 = ZONE 5 BYPASS STATE"
"738","5006 = ZONE 6 BYPASS STATE"
"739","5007 = ZONE 7 BYPASS STATE"
"740","5008 = ZONE 8 BYPASS STATE"
"741","5009 = ZONE 9 BYPASS STATE"
"742","5010 = ZONE 10 BYPASS STATE"
"743","5011 = ZONE 11 BYPASS STATE"
"744","5012 = ZONE 12 BYPASS STATE"
"745","5013 = ZONE 13 BYPASS STATE"
"746","5014 = ZONE 14 BYPASS STATE"
"747","5015 = ZONE 15 BYPASS STATE"
"748","5016 = ZONE 16 BYPASS STATE"
"749","5017 = ZONE 17 BYPASS STATE"
"750","5018 = ZONE 18 BYPASS STATE"
"751","5019 = ZONE 19 BYPASS STATE"
"752","5020 = ZONE 20 BYPASS STATE"
"753","5021 = ZONE 21 BYPASS STATE"
"754","5022 = ZONE 22 BYPASS STATE"
"755","5023 = ZONE 23 BYPASS STATE"
"756","5024 = ZONE 24 BYPASS STATE"
"757","5025 = ZONE 25 BYPASS STATE"
"758","5026 = ZONE 26 BYPASS STATE"
"759","5027 = ZONE 27 BYPASS STATE"
"760","5028 = ZONE 28 BYPASS STATE"
"761","5029 = ZONE 29 BYPASS STATE"
"762","5030 = ZONE 30 BYPASS STATE"
"763","5031 = ZONE 31 BYPASS STATE"
"764","5032 = ZONE 32 BYPASS STATE"
"765","5033 = ZONE 33 BYPASS STATE"
"766","5034 = ZONE 34 BYPASS STATE"
"767","5035 = ZONE 35 BYPASS STATE"
"768","5036 = ZONE 36 BYPASS STATE"
"769","5037 = ZONE 37 BYPASS STATE"
"770","5038 = ZONE 38 BYPASS STATE"
"771","5039 = ZONE 39 BYPASS STATE"
"772","5040 = ZONE 40 BYPASS STATE"
"773","5041 = ZONE 41 BYPASS STATE"
"774","5042 = ZONE 42 BYPASS STATE"
"775","5043 = ZONE 43 BYPASS STATE"
"776","5044 = ZONE 44 BYPASS STATE"
"777","5045 = ZONE 45 BYPASS STATE"
"778","5046 = ZONE 46 BYPASS STATE"
"779","5047 = ZONE 47 BYPASS STATE"
"780","5048 = ZONE 48 BYPASS STATE"
"781","5049 = ZONE 49 BYPASS STATE"
"782","5050 = ZONE 50 BYPASS STATE"
"783","5051 = ZONE 51 BYPASS STATE"
"784","5052 = ZONE 52 BYPASS STATE"
"785","5053 = ZONE 53 BYPASS STATE"
"786","5054 = ZONE 54 BYPASS STATE"
"787","5055 = ZONE 55 BYPASS STATE"
"788","5056 = ZONE 56 BYPASS STATE"
"789","5057 = ZONE 57 BYPASS STATE"
"790","5058 = ZONE 58 BYPASS STATE"
"791","5059 = ZONE 59 BYPASS STATE"
"792","5060 = ZONE 60 BYPASS STATE"
"793","5061 = ZONE 61 BYPASS STATE"
"794","5062 = ZONE 62 BYPASS STATE"
"795","5063 = ZONE 63 BYPASS STATE"
"796","5064 = ZONE 64 BYPASS STATE"
"797","5065 = ZONE 65 BYPASS STATE"
"798","5066 = ZONE 66 BYPASS STATE"
"799","5067 = ZONE 67 BYPASS STATE"
"800","5068 = ZONE 68 BYPASS STATE"
"801","5069 = ZONE 69 BYPASS STATE"
"802","5070 = ZONE 70 BYPASS STATE"
"803","5071 = ZONE 71 BYPASS STATE"
"804","5072 = ZONE 72 BYPASS STATE"
"805","5073 = ZONE 73 BYPASS STATE"
"806","5074 = ZONE 74 BYPASS STATE"
"807","5075 = ZONE 75 BYPASS STATE"
"808","5076 = ZONE 76 BYPASS STATE"
"809","5077 = ZONE 77 BYPASS STATE"
"810","5078 = ZONE 78 BYPASS STATE"
"811","5079 = ZONE 79 BYPASS STATE"
"812","5080 = ZONE 80 BYPASS STATE"
"813","5081 = ZONE 81 BYPASS STATE"
"814","5082 = ZONE 82 BYPASS STATE"
"815","5083 = ZONE 83 BYPASS STATE"
"816","5084 = ZONE 84 BYPASS STATE"
"817","5085 = ZONE 85 BYPASS STATE"
"818","5086 = ZONE 86 BYPASS STATE"
"819","5087 = ZONE 87 BYPASS STATE"
"820","5088 = ZONE 88 BYPASS STATE"
"821","5089 = ZONE 89 BYPASS STATE"
"822","5090 = ZONE 90 BYPASS STATE"
"823","5091 = ZONE 91 BYPASS STATE"
"824","5092 = ZONE 92 BYPASS STATE"
"825","5093 = ZONE 93 BYPASS STATE"
"826","5094 = ZONE 94 BYPASS STATE"
"827","5095 = ZONE 95 BYPASS STATE"
"828","5096 = ZONE 96 BYPASS STATE"
"829","5097 = ZONE 97 BYPASS STATE"
"830","5098 = ZONE 98 BYPASS STATE"
"831","5099 = ZONE 99 BYPASS STATE"
"832","5100 = ZONE 100 BYPASS STATE"
"833","5101 = ZONE 101 BYPASS STATE"
"834","5102 = ZONE 102 BYPASS STATE"
"835","5103 = ZONE 103 BYPASS STATE"
"836","5104 = ZONE 104 BYPASS STATE"
"837","5105 = ZONE 105 BYPASS STATE"
"838","5106 = ZONE 106 BYPASS STATE"
"839","5107 = ZONE 107 BYPASS STATE"
"840","5108 = ZONE 108 BYPASS STATE"
"841","5109 = ZONE 109 BYPASS STATE"
"842","5110 = ZONE 110 BYPASS STATE"
"843","5111 = ZONE 111 BYPASS STATE"
"844","5112 = ZONE 112 BYPASS STATE"
"845","5113 = ZONE 113 BYPASS STATE"
"846","5114 = ZONE 114 BYPASS STATE"
"847","5115 = ZONE 115 BYPASS STATE"
"848","5116 = ZONE 116 BYPASS STATE"
"849","5117 = ZONE 117 BYPASS STATE"
"850","5118 = ZONE 118 BYPASS STATE"
"851","5119 = ZONE 119 BYPASS STATE"
"852","5120 = ZONE 120 BYPASS STATE"
"853","5121 = ZONE 121 BYPASS STATE"
"854","5122 = ZONE 122 BYPASS STATE"
"855","5123 = ZONE 123 BYPASS STATE"
"856","5124 = ZONE 124 BYPASS STATE"
"857","5125 = ZONE 125 BYPASS STATE"
"858","5126 = ZONE 126 BYPASS STATE"
"859","5127 = ZONE 127 BYPASS STATE"
"860","5128 = ZONE 128 BYPASS STATE"
"861","5129 = ZONE 129 BYPASS STATE"
"862","5130 = ZONE 130 BYPASS STATE"
"863","5131 = ZONE 131 BYPASS STATE"
"864","5132 = ZONE 132 BYPASS STATE"
"865","5133 = ZONE 133 BYPASS STATE"
"866","5134 = ZONE 134 BYPASS STATE"
"867","5135 = ZONE 135 BYPASS STATE"
"868","5136 = ZONE 136 BYPASS STATE"
"869","5137 = ZONE 137 BYPASS STATE"
"870","5138 = ZONE 138 BYPASS STATE"
"871","5139 = ZONE 139 BYPASS STATE"
"872","5140 = ZONE 140 BYPASS STATE"
"873","5141 = ZONE 141 BYPASS STATE"
"874","5142 = ZONE 142 BYPASS STATE"
"875","5143 = ZONE 143 BYPASS STATE"
"876","5144 = ZONE 144 BYPASS STATE"
"877","5145 = ZONE 145 BYPASS STATE"
"878","5146 = ZONE 146 BYPASS STATE"
"879","5147 = ZONE 147 BYPASS STATE"
"880","5148 = ZONE 148 BYPASS STATE"
"881","5149 = ZONE 149 BYPASS STATE"
"882","5150 = ZONE 150 BYPASS STATE"
"883","5151 = ZONE 151 BYPASS STATE"
"884","5152 = ZONE 152 BYPASS STATE"
"885","5153 = ZONE 153 BYPASS STATE"
"886","5154 = ZONE 154 BYPASS STATE"
"887","5155 = ZONE 155 BYPASS STATE"
"888","5156 = ZONE 156 BYPASS STATE"
"889","5157 = ZONE 157 BYPASS STATE"
"890","5158 = ZONE 158 BYPASS STATE"
"891","5159 = ZONE 159 BYPASS STATE"
"892","5160 = ZONE 160 BYPASS STATE"
"893","5161 = ZONE 161 BYPASS STATE"
"894","5162 = ZONE 162 BYPASS STATE"
"895","5163 = ZONE 163 BYPASS STATE"
"896","5164 = ZONE 164 BYPASS STATE"
"897","5165 = ZONE 165 BYPASS STATE"
"898","5166 = ZONE 166 BYPASS STATE"
"899","5167 = ZONE 167 BYPASS STATE"
"900","5168 = ZONE 168 BYPASS STATE"
"901","5169 = ZONE 169 BYPASS STATE"
"902","5170 = ZONE 170 BYPASS STATE"
"903","5171 = ZONE 171 BYPASS STATE"
"904","5172 = ZONE 172 BYPASS STATE"
"905","5173 = ZONE 173 BYPASS STATE"
"906","5174 = ZONE 174 BYPASS STATE"
"907","5175 = ZONE 175 BYPASS STATE"
"908","5176 = ZONE 176 BYPASS STATE"
"909","5177 = ZONE 177 BYPASS STATE"
"910","5178 = ZONE 178 BYPASS STATE"
"911","5179 = ZONE 179 BYPASS STATE"
"912","5180 = ZONE 180 BYPASS STATE"
"913","5181 = ZONE 181 BYPASS STATE"
"914","5182 = ZONE 182 BYPASS STATE"
"915","5183 = ZONE 183 BYPASS STATE"
"916","5184 = ZONE 184 BYPASS STATE"
"917","5185 = ZONE 185 BYPASS STATE"
"918","5186 = ZONE 186 BYPASS STATE"
"919","5187 = ZONE 187 BYPASS STATE"
"920","5188 = ZONE 188 BYPASS STATE"
"921","5189 = ZONE 189 BYPASS STATE"
"922","5190 = ZONE 190 BYPASS STATE"
"923","5191 = ZONE 191 BYPASS STATE"
"924","5192 = ZONE 192 BYPASS STATE"
"925","5193 = ZONE 193 BYPASS STATE"
"926","5194 = ZONE 194 BYPASS STATE"
"927","5195 = ZONE 195 BYPASS STATE"
"928","5196 = ZONE 196 BYPASS STATE"
"929","5197 = ZONE 197 BYPASS STATE"
"930","5198 = ZONE 198 BYPASS STATE"
"931","5199 = ZONE 199 BYPASS STATE"
"932","5200 = ZONE 200 BYPASS STATE"
"933","5201 = ZONE 201 BYPASS STATE"
"934","5202 = ZONE 202 BYPASS STATE"
"935","5203 = ZONE 203 BYPASS STATE"
"936","5204 = ZONE 204 BYPASS STATE"
"937","5205 = ZONE 205 BYPASS STATE"
"938","5206 = ZONE 206 BYPASS STATE"
"939","5207 = ZONE 207 BYPASS STATE"
"940","5208 = ZONE 208 BYPASS STATE"
"941","6001 = ZONE 1 ALARM MEMORY"
"942","6002 = ZONE 2 ALARM MEMORY"
"943","6003 = ZONE 3 ALARM MEMORY"
"944","6004 = ZONE 4 ALARM MEMORY"
"945","6005 = ZONE 5 ALARM MEMORY"
"946","6006 = ZONE 6 ALARM MEMORY"
"947","6007 = ZONE 7 ALARM MEMORY"
"948","6008 = ZONE 8 ALARM MEMORY"
"949","6009 = ZONE 9 ALARM MEMORY"
"950","6010 = ZONE 10 ALARM MEMORY"
"951","6011 = ZONE 11 ALARM MEMORY"
"952","6012 = ZONE 12 ALARM MEMORY"
"953","6013 = ZONE 13 ALARM MEMORY"
"954","6014 = ZONE 14 ALARM MEMORY"
"955","6015 = ZONE 15 ALARM MEMORY"
"956","6016 = ZONE 16 ALARM MEMORY"
"957","6017 = ZONE 17 ALARM MEMORY"
"958","6018 = ZONE 18 ALARM MEMORY"
"959","6019 = ZONE 19 ALARM MEMORY"
"960","6020 = ZONE 20 ALARM MEMORY"
"961","6021 = ZONE 21 ALARM MEMORY"
"962","6022 = ZONE 22 ALARM MEMORY"
"963","6023 = ZONE 23 ALARM MEMORY"
"964","6024 = ZONE 24 ALARM MEMORY"
"965","6025 = ZONE 25 ALARM MEMORY"
"966","6026 = ZONE 26 ALARM MEMORY"
"967","6027 = ZONE 27 ALARM MEMORY"
"968","6028 = ZONE 28 ALARM MEMORY"
"969","6029 = ZONE 29 ALARM MEMORY"
"970","6030 = ZONE 30 ALARM MEMORY"
"971","6031 = ZONE 31 ALARM MEMORY"
"972","6032 = ZONE 32 ALARM MEMORY"
"973","6033 = ZONE 33 ALARM MEMORY"
"974","6034 = ZONE 34 ALARM MEMORY"
"975","6035 = ZONE 35 ALARM MEMORY"
"976","6036 = ZONE 36 ALARM MEMORY"
"977","6037 = ZONE 37 ALARM MEMORY"
"978","6038 = ZONE 38 ALARM MEMORY"
"979","6039 = ZONE 39 ALARM MEMORY"
"980","6040 = ZONE 40 ALARM MEMORY"
"981","6041 = ZONE 41 ALARM MEMORY"
"982","6042 = ZONE 42 ALARM MEMORY"
"983","6043 = ZONE 43 ALARM MEMORY"
"984","6044 = ZONE 44 ALARM MEMORY"
"985","6045 = ZONE 45 ALARM MEMORY"
"986","6046 = ZONE 46 ALARM MEMORY"
"987","6047 = ZONE 47 ALARM MEMORY"
"988","6048 = ZONE 48 ALARM MEMORY"
"989","6049 = ZONE 49 ALARM MEMORY"
"990","6050 = ZONE 50 ALARM MEMORY"
"991","6051 = ZONE 51 ALARM MEMORY"
"992","6052 = ZONE 52 ALARM MEMORY"
"993","6053 = ZONE 53 ALARM MEMORY"
"994","6054 = ZONE 54 ALARM MEMORY"
"995","6055 = ZONE 55 ALARM MEMORY"
"996","6056 = ZONE 56 ALARM MEMORY"
"997","6057 = ZONE 57 ALARM MEMORY"
"998","6058 = ZONE 58 ALARM MEMORY"
"999","6059 = ZONE 59 ALARM MEMORY"
"1000","6060 = ZONE 60 ALARM MEMORY"
"1001","6061 = ZONE 61 ALARM MEMORY"
"1002","6062 = ZONE 62 ALARM MEMORY"
"1003","6063 = ZONE 63 ALARM MEMORY"
"1004","6064 = ZONE 64 ALARM MEMORY"
"1005","6065 = ZONE 65 ALARM MEMORY"
"1006","6066 = ZONE 66 ALARM MEMORY"
"1007","6067 = ZONE 67 ALARM MEMORY"
"1008","6068 = ZONE 68 ALARM MEMORY"
"1009","6069 = ZONE 69 ALARM MEMORY"
"1010","6070 = ZONE 70 ALARM MEMORY"
"1011","6071 = ZONE 71 ALARM MEMORY"
"1012","6072 = ZONE 72 ALARM MEMORY"
"1013","6073 = ZONE 73 ALARM MEMORY"
"1014","6074 = ZONE 74 ALARM MEMORY"
"1015","6075 = ZONE 75 ALARM MEMORY"
"1016","6076 = ZONE 76 ALARM MEMORY"
"1017","6077 = ZONE 77 ALARM MEMORY"
"1018","6078 = ZONE 78 ALARM MEMORY"
"1019","6079 = ZONE 79 ALARM MEMORY"
"1020","6080 = ZONE 80 ALARM MEMORY"
"1021","6081 = ZONE 81 ALARM MEMORY"
"1022","6082 = ZONE 82 ALARM MEMORY"
"1023","6083 = ZONE 83 ALARM MEMORY"
"1024","6084 = ZONE 84 ALARM MEMORY"
"1025","6085 = ZONE 85 ALARM MEMORY"
"1026","6086 = ZONE 86 ALARM MEMORY"
"1027","6087 = ZONE 87 ALARM MEMORY"
"1028","6088 = ZONE 88 ALARM MEMORY"
"1029","6089 = ZONE 89 ALARM MEMORY"
"1030","6090 = ZONE 90 ALARM MEMORY"
"1031","6091 = ZONE 91 ALARM MEMORY"
"1032","6092 = ZONE 92 ALARM MEMORY"
"1033","6093 = ZONE 93 ALARM MEMORY"
"1034","6094 = ZONE 94 ALARM MEMORY"
"1035","6095 = ZONE 95 ALARM MEMORY"
"1036","6096 = ZONE 96 ALARM MEMORY"
"1037","6097 = ZONE 97 ALARM MEMORY"
"1038","6098 = ZONE 98 ALARM MEMORY"
"1039","6099 = ZONE 99 ALARM MEMORY"
"1040","6100 = ZONE 100 ALARM MEMORY"
"1041","6101 = ZONE 101 ALARM MEMORY"
"1042","6102 = ZONE 102 ALARM MEMORY"
"1043","6103 = ZONE 103 ALARM MEMORY"
"1044","6104 = ZONE 104 ALARM MEMORY"
"1045","6105 = ZONE 105 ALARM MEMORY"
"1046","6106 = ZONE 106 ALARM MEMORY"
"1047","6107 = ZONE 107 ALARM MEMORY"
"1048","6108 = ZONE 108 ALARM MEMORY"
"1049","6109 = ZONE 109 ALARM MEMORY"
"1050","6110 = ZONE 110 ALARM MEMORY"
"1051","6111 = ZONE 111 ALARM MEMORY"
"1052","6112 = ZONE 112 ALARM MEMORY"
"1053","6113 = ZONE 113 ALARM MEMORY"
"1054","6114 = ZONE 114 ALARM MEMORY"
"1055","6115 = ZONE 115 ALARM MEMORY"
"1056","6116 = ZONE 116 ALARM MEMORY"
"1057","6117 = ZONE 117 ALARM MEMORY"
"1058","6118 = ZONE 118 ALARM MEMORY"
"1059","6119 = ZONE 119 ALARM MEMORY"
"1060","6120 = ZONE 120 ALARM MEMORY"
"1061","6121 = ZONE 121 ALARM MEMORY"
"1062","6122 = ZONE 122 ALARM MEMORY"
"1063","6123 = ZONE 123 ALARM MEMORY"
"1064","6124 = ZONE 124 ALARM MEMORY"
"1065","6125 = ZONE 125 ALARM MEMORY"
"1066","6126 = ZONE 126 ALARM MEMORY"
"1067","6127 = ZONE 127 ALARM MEMORY"
"1068","6128 = ZONE 128 ALARM MEMORY"
"1069","6129 = ZONE 129 ALARM MEMORY"
"1070","6130 = ZONE 130 ALARM MEMORY"
"1071","6131 = ZONE 131 ALARM MEMORY"
"1072","6132 = ZONE 132 ALARM MEMORY"
"1073","6133 = ZONE 133 ALARM MEMORY"
"1074","6134 = ZONE 134 ALARM MEMORY"
"1075","6135 = ZONE 135 ALARM MEMORY"
"1076","6136 = ZONE 136 ALARM MEMORY"
"1077","6137 = ZONE 137 ALARM MEMORY"
"1078","6138 = ZONE 138 ALARM MEMORY"
"1079","6139 = ZONE 139 ALARM MEMORY"
"1080","6140 = ZONE 140 ALARM MEMORY"
"1081","6141 = ZONE 141 ALARM MEMORY"
"1082","6142 = ZONE 142 ALARM MEMORY"
"1083","6143 = ZONE 143 ALARM MEMORY"
"1084","6144 = ZONE 144 ALARM MEMORY"
"1085","6145 = ZONE 145 ALARM MEMORY"
"1086","6146 = ZONE 146 ALARM MEMORY"
"1087","6147 = ZONE 147 ALARM MEMORY"
"1088","6148 = ZONE 148 ALARM MEMORY"
"1089","6149 = ZONE 149 ALARM MEMORY"
"1090","6150 = ZONE 150 ALARM MEMORY"
"1091","6151 = ZONE 151 ALARM MEMORY"
"1092","6152 = ZONE 152 ALARM MEMORY"
"1093","6153 = ZONE 153 ALARM MEMORY"
"1094","6154 = ZONE 154 ALARM MEMORY"
"1095","6155 = ZONE 155 ALARM MEMORY"
"1096","6156 = ZONE 156 ALARM MEMORY"
"1097","6157 = ZONE 157 ALARM MEMORY"
"1098","6158 = ZONE 158 ALARM MEMORY"
"1099","6159 = ZONE 159 ALARM MEMORY"
"1100","6160 = ZONE 160 ALARM MEMORY"
"1101","6161 = ZONE 161 ALARM MEMORY"
"1102","6162 = ZONE 162 ALARM MEMORY"
"1103","6163 = ZONE 163 ALARM MEMORY"
"1104","6164 = ZONE 164 ALARM MEMORY"
"1105","6165 = ZONE 165 ALARM MEMORY"
"1106","6166 = ZONE 166 ALARM MEMORY"
"1107","6167 = ZONE 167 ALARM MEMORY"
"1108","6168 = ZONE 168 ALARM MEMORY"
"1109","6169 = ZONE 169 ALARM MEMORY"
"1110","6170 = ZONE 170 ALARM MEMORY"
"1111","6171 = ZONE 171 ALARM MEMORY"
"1112","6172 = ZONE 172 ALARM MEMORY"
"1113","6173 = ZONE 173 ALARM MEMORY"
"1114","6174 = ZONE 174 ALARM MEMORY"
"1115","6175 = ZONE 175 ALARM MEMORY"
"1116","6176 = ZONE 176 ALARM MEMORY"
"1117","6177 = ZONE 177 ALARM MEMORY"
"1118","6178 = ZONE 178 ALARM MEMORY"
"1119","6179 = ZONE 179 ALARM MEMORY"
"1120","6180 = ZONE 180 ALARM MEMORY"
"1121","6181 = ZONE 181 ALARM MEMORY"
"1122","6182 = ZONE 182 ALARM MEMORY"
"1123","6183 = ZONE 183 ALARM MEMORY"
"1124","6184 = ZONE 184 ALARM MEMORY"
"1125","6185 = ZONE 185 ALARM MEMORY"
"1126","6186 = ZONE 186 ALARM MEMORY"
"1127","6187 = ZONE 187 ALARM MEMORY"
"1128","6188 = ZONE 188 ALARM MEMORY"
"1129","6189 = ZONE 189 ALARM MEMORY"
"1130","6190 = ZONE 190 ALARM MEMORY"
"1131","6191 = ZONE 191 ALARM MEMORY"
"1132","6192 = ZONE 192 ALARM MEMORY"
"1133","6193 = ZONE 193 ALARM MEMORY"
"1134","6194 = ZONE 194 ALARM MEMORY"
"1135","6195 = ZONE 195 ALARM MEMORY"
"1136","6196 = ZONE 196 ALARM MEMORY"
"1137","6197 = ZONE 197 ALARM MEMORY"
"1138","6198 = ZONE 198 ALARM MEMORY"
"1139","6199 = ZONE 199 ALARM MEMORY"
"1140","6200 = ZONE 200 ALARM MEMORY"
"1141","6201 = ZONE 201 ALARM MEMORY"
"1142","6202 = ZONE 202 ALARM MEMORY"
"1143","6203 = ZONE 203 ALARM MEMORY"
"1144","6204 = ZONE 204 ALARM MEMORY"
"1145","6205 = ZONE 205 ALARM MEMORY"
"1146","6206 = ZONE 206 ALARM MEMORY"
"1147","6207 = ZONE 207 ALARM MEMORY"
"1148","6208 = ZONE 208 ALARM MEMORY"
"1149","7001 = OUTPUT 1 STATE"
"1150","7002 = OUTPUT 2 STATE"
"1151","7003 = OUTPUT 3 STATE"
"1152","7004 = OUTPUT 4 STATE"
"1153","7005 = OUTPUT 5 STATE"
"1154","7006 = OUTPUT 6 STATE"
"1155","7007 = OUTPUT 7 STATE"
"1156","7008 = OUTPUT 8 STATE"
"1157","7009 = OUTPUT 9 STATE"
"1158","7010 = OUTPUT 10 STATE"
"1159","7011 = OUTPUT 11 STATE"
"1160","7012 = OUTPUT 12 STATE"
"1161","7013 = OUTPUT 13 STATE"
"1162","7014 = OUTPUT 14 STATE"
"1163","7015 = OUTPUT 15 STATE"
"1164","7016 = OUTPUT 16 STATE"
"1165","7017 = OUTPUT 17 STATE"
"1166","7018 = OUTPUT 18 STATE"
"1167","7019 = OUTPUT 19 STATE"
"1168","7020 = OUTPUT 20 STATE"
"1169","7021 = OUTPUT 21 STATE"
"1170","7022 = OUTPUT 22 STATE"
"1171","7023 = OUTPUT 23 STATE"
"1172","7024 = OUTPUT 24 STATE"
"1173","7025 = OUTPUT 25 STATE"
"1174","7026 = OUTPUT 26 STATE"
"1175","7027 = OUTPUT 27 STATE"
"1176","7028 = OUTPUT 28 STATE"
"1177","7029 = OUTPUT 29 STATE"
"1178","7030 = OUTPUT 30 STATE"
"1179","7031 = OUTPUT 31 STATE"
"1180","7032 = OUTPUT 32 STATE"
"1181","7033 = OUTPUT 33 STATE"
"1182","7034 = OUTPUT 34 STATE"
"1183","7035 = OUTPUT 35 STATE"
"1184","7036 = OUTPUT 36 STATE"
"1185","7037 = OUTPUT 37 STATE"
"1186","7038 = OUTPUT 38 STATE"
"1187","7039 = OUTPUT 39 STATE"
"1188","7040 = OUTPUT 40 STATE"
"1189","7041 = OUTPUT 41 STATE"
"1190","7042 = OUTPUT 42 STATE"
"1191","7043 = OUTPUT 43 STATE"
"1192","7044 = OUTPUT 44 STATE"
"1193","7045 = OUTPUT 45 STATE"
"1194","7046 = OUTPUT 46 STATE"
"1195","7047 = OUTPUT 47 STATE"
"1196","7048 = OUTPUT 48 STATE"
"1197","7049 = OUTPUT 49 STATE"
"1198","7050 = OUTPUT 50 STATE"
"1199","7051 = OUTPUT 51 STATE"
"1200","7052 = OUTPUT 52 STATE"
"1201","7053 = OUTPUT 53 STATE"
"1202","7054 = OUTPUT 54 STATE"
"1203","7055 = OUTPUT 55 STATE"
"1204","7056 = OUTPUT 56 STATE"
"1205","7057 = OUTPUT 57 STATE"
"1206","7058 = OUTPUT 58 STATE"
"1207","7059 = OUTPUT 59 STATE"
"1208","7060 = OUTPUT 60 STATE"
"1209","7061 = OUTPUT 61 STATE"
"1210","7062 = OUTPUT 62 STATE"
"1211","7063 = OUTPUT 63 STATE"
"1212","7064 = OUTPUT 64 STATE"
"1213","7065 = OUTPUT 65 STATE"
"1214","7066 = OUTPUT 66 STATE"
"1215","7067 = OUTPUT 67 STATE"
"1216","7068 = OUTPUT 68 STATE"
"1217","7069 = OUTPUT 69 STATE"
"1218","7070 = OUTPUT 70 STATE"
"1219","7071 = OUTPUT 71 STATE"
"1220","7072 = OUTPUT 72 STATE"
"1221","7073 = OUTPUT 73 STATE"
"1222","7074 = OUTPUT 74 STATE"
"1223","7075 = OUTPUT 75 STATE"
"1224","7076 = OUTPUT 76 STATE"
"1225","7077 = OUTPUT 77 STATE"
"1226","7078 = OUTPUT 78 STATE"
"1227","7079 = OUTPUT 79 STATE"
"1228","7080 = OUTPUT 80 STATE"
"1229","7081 = OUTPUT 81 STATE"
"1230","7082 = OUTPUT 82 STATE"
"1231","7083 = OUTPUT 83 STATE"
"1232","7084 = OUTPUT 84 STATE"
"1233","7085 = OUTPUT 85 STATE"
"1234","7086 = OUTPUT 86 STATE"
"1235","7087 = OUTPUT 87 STATE"
"1236","7088 = OUTPUT 88 STATE"
"1237","7089 = OUTPUT 89 STATE"
"1238","7090 = OUTPUT 90 STATE"
"1239","7091 = OUTPUT 91 STATE"
"1240","7092 = OUTPUT 92 STATE"
"1241","7093 = OUTPUT 93 STATE"
"1242","7094 = OUTPUT 94 STATE"
"1243","7095 = OUTPUT 95 STATE"
"1244","7096 = OUTPUT 96 STATE"
"1245","7097 = OUTPUT 97 STATE"
"1246","7098 = OUTPUT 98 STATE"
"1247","7099 = OUTPUT 99 STATE"
"1248","7100 = OUTPUT 100 STATE"
"1249","7101 = OUTPUT 101 STATE"
"1250","7102 = OUTPUT 102 STATE"
"1251","7103 = OUTPUT 103 STATE"
"1252","7104 = OUTPUT 104 STATE"
"1253","7105 = OUTPUT 105 STATE"
"1254","7106 = OUTPUT 106 STATE"
"1255","7107 = OUTPUT 107 STATE"
"1256","7108 = OUTPUT 108 STATE"
"1257","7109 = OUTPUT 109 STATE"
"1258","7110 = OUTPUT 110 STATE"
"1259","7111 = OUTPUT 111 STATE"
"1260","7112 = OUTPUT 112 STATE"
"1261","7113 = OUTPUT 113 STATE"
"1262","7114 = OUTPUT 114 STATE"
"1263","7115 = OUTPUT 115 STATE"
"1264","7116 = OUTPUT 116 STATE"
"1265","7117 = OUTPUT 117 STATE"
"1266","7118 = OUTPUT 118 STATE"
"1267","7119 = OUTPUT 119 STATE"
"1268","7120 = OUTPUT 120 STATE"
"1269","7121 = OUTPUT 121 STATE"
"1270","7122 = OUTPUT 122 STATE"
"1271","7123 = OUTPUT 123 STATE"
"1272","7124 = OUTPUT 124 STATE"
"1273","7125 = OUTPUT 125 STATE"
"1274","7126 = OUTPUT 126 STATE"
"1275","7127 = OUTPUT 127 STATE"
"1276","7128 = OUTPUT 128 STATE"
"1277","7129 = OUTPUT 129 STATE"
"1278","7130 = OUTPUT 130 STATE"
"1279","7131 = OUTPUT 131 STATE"
"1280","7132 = OUTPUT 132 STATE"
"1281","7133 = OUTPUT 133 STATE"
"1282","7134 = OUTPUT 134 STATE"
"1283","7135 = OUTPUT 135 STATE"
"1284","7136 = OUTPUT 136 STATE"
"1285","7137 = OUTPUT 137 STATE"
"1286","7138 = OUTPUT 138 STATE"
"1287","7139 = OUTPUT 139 STATE"
"1288","7140 = OUTPUT 140 STATE"
"1289","7141 = OUTPUT 141 STATE"
"1290","7142 = OUTPUT 142 STATE"
"1291","7143 = OUTPUT 143 STATE"
"1292","7144 = OUTPUT 144 STATE"
"1293","7145 = OUTPUT 145 STATE"
"1294","7146 = OUTPUT 146 STATE"
"1295","7147 = OUTPUT 147 STATE"
"1296","7148 = OUTPUT 148 STATE"
"1297","7149 = OUTPUT 149 STATE"
"1298","7150 = OUTPUT 150 STATE"
"1299","7151 = OUTPUT 151 STATE"
"1300","7152 = OUTPUT 152 STATE"
"1301","7153 = OUTPUT 153 STATE"
"1302","7154 = OUTPUT 154 STATE"
"1303","7155 = OUTPUT 155 STATE"
"1304","7156 = OUTPUT 156 STATE"
"1305","7157 = OUTPUT 157 STATE"
"1306","7158 = OUTPUT 158 STATE"
"1307","7159 = OUTPUT 159 STATE"
"1308","7160 = OUTPUT 160 STATE"
"1309","7161 = OUTPUT 161 STATE"
"1310","7162 = OUTPUT 162 STATE"
"1311","7163 = OUTPUT 163 STATE"
"1312","7164 = OUTPUT 164 STATE"
"1313","7165 = OUTPUT 165 STATE"
"1314","7166 = OUTPUT 166 STATE"
"1315","7167 = OUTPUT 167 STATE"
"1316","7168 = OUTPUT 168 STATE"
"1317","7169 = OUTPUT 169 STATE"
"1318","7170 = OUTPUT 170 STATE"
"1319","7171 = OUTPUT 171 STATE"
"1320","7172 = OUTPUT 172 STATE"
"1321","7173 = OUTPUT 173 STATE"
"1322","7174 = OUTPUT 174 STATE"
"1323","7175 = OUTPUT 175 STATE"
"1324","7176 = OUTPUT 176 STATE"
"1325","7177 = OUTPUT 177 STATE"
"1326","7178 = OUTPUT 178 STATE"
"1327","7179 = OUTPUT 179 STATE"
"1328","7180 = OUTPUT 180 STATE"
"1329","7181 = OUTPUT 181 STATE"
"1330","7182 = OUTPUT 182 STATE"
"1331","7183 = OUTPUT 183 STATE"
"1332","7184 = OUTPUT 184 STATE"
"1333","7185 = OUTPUT 185 STATE"
"1334","7186 = OUTPUT 186 STATE"
"1335","7187 = OUTPUT 187 STATE"
"1336","7188 = OUTPUT 188 STATE"
"1337","7189 = OUTPUT 189 STATE"
"1338","7190 = OUTPUT 190 STATE"
"1339","7191 = OUTPUT 191 STATE"
"1340","7192 = OUTPUT 192 STATE"
"1341","7193 = OUTPUT 193 STATE"
"1342","7194 = OUTPUT 194 STATE"
"1343","7195 = OUTPUT 195 STATE"
"1344","7196 = OUTPUT 196 STATE"
"1345","7197 = OUTPUT 197 STATE"
"1346","7198 = OUTPUT 198 STATE"
"1347","7199 = OUTPUT 199 STATE"
"1348","7200 = OUTPUT 200 STATE"
"1349","7201 = OUTPUT 201 STATE"
"1350","7202 = OUTPUT 202 STATE"
"1351","7203 = OUTPUT 203 STATE"
"1352","7204 = OUTPUT 204 STATE"
"1353","7205 = OUTPUT 205 STATE"
"1354","7206 = OUTPUT 206 STATE"
"1355","7207 = OUTPUT 207 STATE"
"1356","7208 = OUTPUT 208 STATE"
"1388","1388 = Time Changing"
"1389","1389 = Time Changed"
